Title,URL,Snippet
Regulatory Public Disclosures | OANDA,https://www.oanda.com/us-en/legal/regulatory-public-disclosures/,"OANDA TMS Brokers S.A. – operating under KNF (PFSA), OANDA Asia Pacific Pte Ltd – operating in Singapore (regulated by the MAS), OANDA (Canada) Corporation ULC ..."
Order Book Indicator | OANDA,https://help.oanda.com/bvi/en/Resources/PDF/MR-4478%20Order%20Book_MT4%20removed_v3.pdf,It is not investment advice or recommendation. CFDs are not available to US residents. OANDA CANADA Accounts: Trading CFDs on margin is high risk and not ...
Forex Historical Spreads | Spread Costs Calculator | OANDA,https://www.oanda.com/us-en/trading/historical-spreads/,"Estimate trade entry costs precisely using OANDA's historical forex spreads and our intuitive spreads cost calculator, complete with dynamic charts for ..."
OANDA Marketing Partner Privacy Policy,https://docs.oanda.com/7ebfb8c0-e251-4c9b-921c-99f4b283e17a/Privacy_Policy.pdf,Country of incorporation. Entity. United Kingdom. OANDA Europe Limited. USA. OANDA Corporation. Australia. OANDA Australia Pty. Canada. OANDA (Canada) ...
Holiday Trading Hours | OANDA,https://www.oanda.com/ca-en/trading/holiday-trading-hours/,"OANDA (Canada) Corporation ULC is regulated by the Canadian Investment Regulatory Organization (CIRO), which includes CIRO's online advisor check database (CIRO ..."
Czech forex broker FTMO about to acquire ... - CzechTrade Offices,https://www.czechtradeoffices.com/why-czech-republic/news/czech-forex-broker-ftmo-about-to-acquire-canadian-oanda,"Feb 6, 2025 ... Canada - flag Canada. Czech forex broker FTMO about to acquire Canadian Oanda. Czech company FTMO, founded by Otakar Šuffner and Mark Vasicek ..."
Historical Spreads | Forex & CFDs | OANDA,https://www.oanda.com/ca-en/tools/historical-spreads/,"OANDA (Canada) Corporation ULC is regulated by the Canadian Investment Regulatory Organization (CIRO), which includes CIRO's online advisor check database (CIRO ..."
OANDA - Forex and CFD trading on the App Store,https://apps.apple.com/ca/app/oanda-forex-and-cfd-trading/id370922777,"OANDA is an award-winning* and globally recognizsed provider with over 25 years' experience, and the app is free to download."
CVC Funds agree sale of OANDA to FTMO,https://www.oanda.com/group/media-center/press-releases/cvc-agree-sale-of-oanda-to-ftmo/,"OANDA (Canada) Corporation ULC is regulated by the Canadian Investment Regulatory Organization (CIRO), which includes CIRO's online advisor check database ..."
Affiliate Programmes | Earn Commission | OANDA,https://partners.oanda.com/en/affiliates/,"OANDA (Canada) Corporation ULC is regulated by the Canadian Investment Regulatory Organization (CIRO), which includes CIRO's online advisor check database ..."
New York Red Bulls And OANDA Extend Partnership,https://www.oanda.com/group/media-center/press-releases/new-york-red-bulls-and-oanda-extend-partnership/,"OANDA (Canada) Corporation ULC is regulated by the Canadian Investment Regulatory Organization (CIRO), which includes CIRO's online advisor check database ..."
OANDA Review 2025: Pros & Cons | ForexBrokers.com,https://www.forexbrokers.com/reviews/oanda,"Feb 5, 2025 ... Note: While OANDA's Trade platform is available globally, TradingView is only available to residents of the U.S., U.K. and Canada. OANDA fxTrade ..."
"How Tariffs Impact MXN, CAD, EUR, and CNY - Oanda",https://www.oanda.com/us-en/trade-tap-blog/analysis/fundamental/tariffs-impact-mxn-cad-eur-cny/,"Feb 24, 2025 ... Explore how tariffs affect currencies like the Mexican peso, Canadian dollar, euro, and Chinese yuan. Learn key trading insights to stay ..."
USDCAD Chart — USD to CAD Rate — TradingView,https://www.tradingview.com/symbols/USDCAD/,U.S. Dollar / Canadian Dollar. USDCAD OANDA.
"As tariffs loom and global currency values fluctuate, goods from ...",https://www.oanda.com/us-en/trade-tap-blog/analysis/fundamental/tariffs-global-currency-fluctuate-goods-top-us-trade-partners-price-shift/,"Mar 7, 2025 ... Canada pledged $1.3 billion Canadian dollars (or $915 million USD) ... ""OANDA"", ""fxTrade"" and OANDA's ""fx"" family of trademarks are owned by OANDA ..."
"OANDA hiring HRIS Specialist (Workday) in Toronto, Ontario, Canada",https://ca.linkedin.com/jobs/view/hris-specialist-workday-at-oanda-4165056429,"Feb 27, 2025 ... In this role, you will play a pivotal role in optimizing our HR technology landscape, with a focus on Workday. You will be responsible for ..."
OANDA Wins 'Best in The Americas' Award with TradingView,https://www.oanda.com/group/media-center/press-releases/oanda-wins-best-in-the-americas-award-with-tradingview/,"""It's great to see that OANDA maintains its top spot as the best forex broker for US and Canadian traders,"" said Jessica Beckstead, OANDA's Managing Director ..."
OANDA - Forex and CFD trading - Apps on Google Play,https://play.google.com/store/apps/details/OANDA_Forex_crypto_trading?id=com.oanda.fxtrade&hl=en_CA,"Trade CFDs on major global instruments, forex, indices and commodities. Start investing with OANDA, an award-winning* global broker with experience in CFD ..."
OANDA Order & Position Book Tool and MetaTrader Indicator ...,https://www.oanda.com/bvi-en/lab-education/tools/order-book-position-book-tool/,... Canada and Japan). Past performance is not indicative of future results. This data is provided for general informational purposes only. It is not to be ...
OANDA Review 2025: Read Before You Trade | FXEmpire,https://www.fxempire.com/brokers/oanda,"Feb 2, 2025 ... We rate CFTC and NFA as Tier 1 regulators. OANDA (Canada) Corporation ULC is regulated by the Investment Industry Regulatory Organization of ..."
Market News & Analysis | Financial Market Updates | OANDA,https://www.oanda.com/group/news-analysis/,"Keep abreast of financial market updates with OANDA's market news and analysis. We are a leader in currency data, offering forex and CFD trading, ..."
Is Oanda supervised by a regulator?,https://brokerchooser.com/broker-reviews/oanda-review/oanda-regulation,"Apr 3, 2025 ... Our brokerage experts have determined that Oanda is a fully regulated broker, overseen in USA, UK, Australia, Singapore, Canada, Malta, Japan, British Virgin ..."
2025 oanda welcome bonus promotion terms & conditions,https://www.oanda.com/assets/documents/1913/OC__OCAN_Welcome_Bonus_Promotion_TCs_-_2025.pdf,1.1 The Promotion is offered by OANDA Corporation and OANDA (Canada) Corporation ULC and is only open to new account holders of either of these two entities who ...
Read Customer Service Reviews of www.oanda.com,https://www.trustpilot.com/review/www.oanda.com,"... Canada, UK, EMEA, APAC and Australia. Our award-winning platform offers exceptional execution with sophisticated trading tools and advanced charting ..."
"The impact of tariffs during Trump presidencies on trade, inflation ...",https://www.oanda.com/us-en/trade-tap-blog/analysis/fundamental/tariffs-and-their-impact-during-last-two-us-presidencies/,"Feb 13, 2025 ... ... Canada and Mexico. These countries responded ... ""OANDA"", ""fxTrade"" and OANDA's ""fx"" family of trademarks are owned by OANDA Corporation."
Does Oanda Work In Canada? - OneSafe Blog,https://www.onesafe.io/blog/does-oanda-work-in-canada,"Jan 17, 2025 ... Yes, OANDA is regulated by the Canadian Investment Regulatory Organization (CIRO) and is a member of the Canadian Investor Protection Fund. What ..."
Oanda Broker Review - Forex & Stock Trading at Oanda,https://www.bestbrokers.com/reviews/oanda/,"Feb 13, 2025 ... OANDA is an industry-leading forex broker. Its strong history spans over 25 years where it has driven impressive growth to become one of the pioneers of its ..."
"OANDA on X: ""New tariffs on Canada & Mexico take effect in early ...",https://twitter.com/OANDA/status/1895196354965577944,"Feb 27, 2025 ... New tariffs on Canada & Mexico take effect in early March, while the US dollar strengthens as economic growth reaches 2.3%. #OANDA ..."
Foreign currency and currency exchange rates | Internal Revenue ...,https://www.irs.gov/individuals/international-taxpayers/foreign-currency-and-currency-exchange-rates,"Mar 12, 2025 ... Oanda.com · xe.com. Related. Yearly average currency exchange rates. Small business/self-employed. Industries Professions · International ..."
FOREX.com vs OANDA: In-Depth Review [2025],https://www.compareforexbrokers.com/reviews/forex-com-vs-oanda/,"Apr 2, 2025 ... OANDA offers its proprietary platform, OANDA Trade, and supports MetaTrader 4. ... CIRO (CANADA) NFA/CFTC (USA) CYSEC (Cyprus), NFA/CFTC (USA) MAS ..."
U.S. Dollar / Canadian Dollar Trade Ideas — OANDA:USDCAD ...,https://in.tradingview.com/symbols/USDCAD/ideas/?exchange=OANDA,USDCAD Short Set up.... USDCAD Short Trade Setup Entry: 1.4178 Stop-Loss (SL): 1.4915 Take-Profit (TP): 1.3238 USDCAD has reached a strong resistance ...
OANDA Reviews: What Is It Like to Work At OANDA? | Glassdoor,https://www.glassdoor.ca/Reviews/OANDA-Reviews-E100548.htm,"Canada (English). Browse by: Companies · Jobs · Locations · Communities · Recent posts. Copyright © 2008-2025. Glassdoor LLC. ""Glassdoor,"" ""Worklife Pro,"" "" ..."
"OANDA Review 2025: Pros, Cons and Key Features",https://tradersunion.com/brokers/forex/view/oanda/,"Apr 8, 2025 ... The name OANDA is an acronym for “Olsen & Associates” or “Olsen AND Associates”. It is registered in the United States and provides its clients ..."
OANDA Review (2025) | FxScouts Kenya,https://fxscouts.co.ke/broker/oanda/,"Mar 11, 2025 ... CIRO ensures the following safeguards for Canadian clients: 50:1 Leverage on currency pairs; Segregated client funds; Risk management and ..."
"The euro held steady, while the Canadian dollar declined in ...",https://www.threads.net/@oanda/post/DG6qgdBtl7L/the-euro-held-steady-while-the-canadian-dollar-declined-in-response-to-nonfarm-p,"Mar 7, 2025 ... OANDA (@oanda). The euro held steady, while the Canadian dollar declined in response to nonfarm payroll data and the unemployment rate."
Foreign currencies - Canada.ca,https://www.canada.ca/en/revenue-agency/services/tax/individuals/topics/about-your-tax-return/tax-return/completing-a-tax-return/personal-income/line-12700-capital-gains/completing-schedule-3/bonds-debentures-promissory-notes-other-similar-properties/foreign-currencies.html,"Feb 27, 2025 ... Other sources that the CRA would generally accept include rates from Bloomberg L.P., Thomson Reuters Corporation and OANDA Corporation. In ..."
Avis de OANDA | Lisez les avis marchands de www.oanda.com,https://fr.trustpilot.com/review/www.oanda.com,"... Canada, UK, EMEA, APAC and Australia. Our award-winning platform offers exceptional execution with sophisticated trading tools and advanced charting ..."
"Gold hits all time high, UK in–Market Insights – Apple Podcasts",https://podcasts.apple.com/gb/podcast/gold-hits-all-time-high-uk-inflation-higher-than-expected/id1358715867?i=1000694063023,"Feb 19, 2025 ... Join OANDA Senior Market Analysts & podcast guest Nick Syiek ... Canada (English) · Canada (Français) · United States · Estados Unidos ..."
Island Cays Fiesta Reversible String Bikini Bottoms,https://www.tommybahama.com/en/en/Island-Cays-Fiesta-Reversible-String-Bikini-Bottoms/p/SS200491,"Feb 3, 2025 ... ... Canada, the transaction total is converted from local currency to U.S. Dollars, at prevailing OANDA published exchange rates, and deducted ..."
Island Estate La Vida Stripe 4-Piece Queen Sheet Set,https://www.tommybahama.com/en/Island-Estate-La-Vida-Stripe-4-Piece-Queen-Sheet-Set/p/SHSA01322237,"Feb 16, 2025 ... ... Canada, the transaction total is converted from local currency to U.S. Dollars, at prevailing OANDA published exchange rates, and deducted ..."
Seventy & Sunny | Tommy Bahama People | Finding Inspiration With ...,https://www.tommybahama.com/blog/people/rizu_ito_interview,"... Canadian Dollars, at prevailing OANDA published exchange rates, and deducted from the card's balance. Void if altered or transferred for value. Awards are ..."
Regulatory Public Disclosures | OANDA,https://www.oanda.com/us-en/legal/regulatory-public-disclosures/,"OANDA TMS Brokers S.A. – operating under KNF (PFSA), OANDA Asia Pacific Pte Ltd – operating in Singapore (regulated by the MAS), OANDA (Canada) Corporation ULC ..."
Order Book Indicator | OANDA,https://help.oanda.com/bvi/en/Resources/PDF/MR-4478%20Order%20Book_MT4%20removed_v3.pdf,It is not investment advice or recommendation. CFDs are not available to US residents. OANDA CANADA Accounts: Trading CFDs on margin is high risk and not ...
Forex Historical Spreads | Spread Costs Calculator | OANDA,https://www.oanda.com/us-en/trading/historical-spreads/,"Estimate trade entry costs precisely using OANDA's historical forex spreads and our intuitive spreads cost calculator, complete with dynamic charts for ..."
OANDA Marketing Partner Privacy Policy,https://docs.oanda.com/7ebfb8c0-e251-4c9b-921c-99f4b283e17a/Privacy_Policy.pdf,Country of incorporation. Entity. United Kingdom. OANDA Europe Limited. USA. OANDA Corporation. Australia. OANDA Australia Pty. Canada. OANDA (Canada) ...
Holiday Trading Hours | OANDA,https://www.oanda.com/ca-en/trading/holiday-trading-hours/,"OANDA (Canada) Corporation ULC is regulated by the Canadian Investment Regulatory Organization (CIRO), which includes CIRO's online advisor check database (CIRO ..."
Czech forex broker FTMO about to acquire ... - CzechTrade Offices,https://www.czechtradeoffices.com/why-czech-republic/news/czech-forex-broker-ftmo-about-to-acquire-canadian-oanda,"Feb 6, 2025 ... Canada - flag Canada. Czech forex broker FTMO about to acquire Canadian Oanda. Czech company FTMO, founded by Otakar Šuffner and Mark Vasicek ..."
Historical Spreads | Forex & CFDs | OANDA,https://www.oanda.com/ca-en/tools/historical-spreads/,"OANDA (Canada) Corporation ULC is regulated by the Canadian Investment Regulatory Organization (CIRO), which includes CIRO's online advisor check database (CIRO ..."
OANDA - Forex and CFD trading on the App Store,https://apps.apple.com/ca/app/oanda-forex-and-cfd-trading/id370922777,"OANDA is an award-winning* and globally recognizsed provider with over 25 years' experience, and the app is free to download."
CVC Funds agree sale of OANDA to FTMO,https://www.oanda.com/group/media-center/press-releases/cvc-agree-sale-of-oanda-to-ftmo/,"OANDA (Canada) Corporation ULC is regulated by the Canadian Investment Regulatory Organization (CIRO), which includes CIRO's online advisor check database ..."
Affiliate Programmes | Earn Commission | OANDA,https://partners.oanda.com/en/affiliates/,"OANDA (Canada) Corporation ULC is regulated by the Canadian Investment Regulatory Organization (CIRO), which includes CIRO's online advisor check database ..."
New York Red Bulls And OANDA Extend Partnership,https://www.oanda.com/group/media-center/press-releases/new-york-red-bulls-and-oanda-extend-partnership/,"OANDA (Canada) Corporation ULC is regulated by the Canadian Investment Regulatory Organization (CIRO), which includes CIRO's online advisor check database ..."
OANDA Review 2025: Pros & Cons | ForexBrokers.com,https://www.forexbrokers.com/reviews/oanda,"Feb 5, 2025 ... Note: While OANDA's Trade platform is available globally, TradingView is only available to residents of the U.S., U.K. and Canada. OANDA fxTrade ..."
"How Tariffs Impact MXN, CAD, EUR, and CNY - Oanda",https://www.oanda.com/us-en/trade-tap-blog/analysis/fundamental/tariffs-impact-mxn-cad-eur-cny/,"Feb 24, 2025 ... Explore how tariffs affect currencies like the Mexican peso, Canadian dollar, euro, and Chinese yuan. Learn key trading insights to stay ..."
USDCAD Chart — USD to CAD Rate — TradingView,https://www.tradingview.com/symbols/USDCAD/,U.S. Dollar / Canadian Dollar. USDCAD OANDA.
"As tariffs loom and global currency values fluctuate, goods from ...",https://www.oanda.com/us-en/trade-tap-blog/analysis/fundamental/tariffs-global-currency-fluctuate-goods-top-us-trade-partners-price-shift/,"Mar 7, 2025 ... Canada pledged $1.3 billion Canadian dollars (or $915 million USD) ... ""OANDA"", ""fxTrade"" and OANDA's ""fx"" family of trademarks are owned by OANDA ..."
"OANDA hiring HRIS Specialist (Workday) in Toronto, Ontario, Canada",https://ca.linkedin.com/jobs/view/hris-specialist-workday-at-oanda-4165056429,"Feb 27, 2025 ... In this role, you will play a pivotal role in optimizing our HR technology landscape, with a focus on Workday. You will be responsible for ..."
OANDA Wins 'Best in The Americas' Award with TradingView,https://www.oanda.com/group/media-center/press-releases/oanda-wins-best-in-the-americas-award-with-tradingview/,"""It's great to see that OANDA maintains its top spot as the best forex broker for US and Canadian traders,"" said Jessica Beckstead, OANDA's Managing Director ..."
OANDA - Forex and CFD trading - Apps on Google Play,https://play.google.com/store/apps/details/OANDA_Forex_crypto_trading?id=com.oanda.fxtrade&hl=en_CA,"Trade CFDs on major global instruments, forex, indices and commodities. Start investing with OANDA, an award-winning* global broker with experience in CFD ..."
OANDA Order & Position Book Tool and MetaTrader Indicator ...,https://www.oanda.com/bvi-en/lab-education/tools/order-book-position-book-tool/,... Canada and Japan). Past performance is not indicative of future results. This data is provided for general informational purposes only. It is not to be ...
OANDA Review 2025: Read Before You Trade | FXEmpire,https://www.fxempire.com/brokers/oanda,"Feb 2, 2025 ... We rate CFTC and NFA as Tier 1 regulators. OANDA (Canada) Corporation ULC is regulated by the Investment Industry Regulatory Organization of ..."
Market News & Analysis | Financial Market Updates | OANDA,https://www.oanda.com/group/news-analysis/,"Keep abreast of financial market updates with OANDA's market news and analysis. We are a leader in currency data, offering forex and CFD trading, ..."
Is Oanda supervised by a regulator?,https://brokerchooser.com/broker-reviews/oanda-review/oanda-regulation,"Apr 3, 2025 ... Our brokerage experts have determined that Oanda is a fully regulated broker, overseen in USA, UK, Australia, Singapore, Canada, Malta, Japan, British Virgin ..."
2025 oanda welcome bonus promotion terms & conditions,https://www.oanda.com/assets/documents/1913/OC__OCAN_Welcome_Bonus_Promotion_TCs_-_2025.pdf,1.1 The Promotion is offered by OANDA Corporation and OANDA (Canada) Corporation ULC and is only open to new account holders of either of these two entities who ...
Read Customer Service Reviews of www.oanda.com,https://www.trustpilot.com/review/www.oanda.com,"... Canada, UK, EMEA, APAC and Australia. Our award-winning platform offers exceptional execution with sophisticated trading tools and advanced charting ..."
"The impact of tariffs during Trump presidencies on trade, inflation ...",https://www.oanda.com/us-en/trade-tap-blog/analysis/fundamental/tariffs-and-their-impact-during-last-two-us-presidencies/,"Feb 13, 2025 ... ... Canada and Mexico. These countries responded ... ""OANDA"", ""fxTrade"" and OANDA's ""fx"" family of trademarks are owned by OANDA Corporation."
Does Oanda Work In Canada? - OneSafe Blog,https://www.onesafe.io/blog/does-oanda-work-in-canada,"Jan 17, 2025 ... Yes, OANDA is regulated by the Canadian Investment Regulatory Organization (CIRO) and is a member of the Canadian Investor Protection Fund. What ..."
Oanda Broker Review - Forex & Stock Trading at Oanda,https://www.bestbrokers.com/reviews/oanda/,"Feb 13, 2025 ... OANDA is an industry-leading forex broker. Its strong history spans over 25 years where it has driven impressive growth to become one of the pioneers of its ..."
"OANDA on X: ""New tariffs on Canada & Mexico take effect in early ...",https://twitter.com/OANDA/status/1895196354965577944,"Feb 27, 2025 ... New tariffs on Canada & Mexico take effect in early March, while the US dollar strengthens as economic growth reaches 2.3%. #OANDA ..."
Foreign currency and currency exchange rates | Internal Revenue ...,https://www.irs.gov/individuals/international-taxpayers/foreign-currency-and-currency-exchange-rates,"Mar 12, 2025 ... Oanda.com · xe.com. Related. Yearly average currency exchange rates. Small business/self-employed. Industries Professions · International ..."
FOREX.com vs OANDA: In-Depth Review [2025],https://www.compareforexbrokers.com/reviews/forex-com-vs-oanda/,"Apr 2, 2025 ... OANDA offers its proprietary platform, OANDA Trade, and supports MetaTrader 4. ... CIRO (CANADA) NFA/CFTC (USA) CYSEC (Cyprus), NFA/CFTC (USA) MAS ..."
U.S. Dollar / Canadian Dollar Trade Ideas — OANDA:USDCAD ...,https://in.tradingview.com/symbols/USDCAD/ideas/?exchange=OANDA,USDCAD Short Set up.... USDCAD Short Trade Setup Entry: 1.4178 Stop-Loss (SL): 1.4915 Take-Profit (TP): 1.3238 USDCAD has reached a strong resistance ...
OANDA Reviews: What Is It Like to Work At OANDA? | Glassdoor,https://www.glassdoor.ca/Reviews/OANDA-Reviews-E100548.htm,"Canada (English). Browse by: Companies · Jobs · Locations · Communities · Recent posts. Copyright © 2008-2025. Glassdoor LLC. ""Glassdoor,"" ""Worklife Pro,"" "" ..."
"OANDA Review 2025: Pros, Cons and Key Features",https://tradersunion.com/brokers/forex/view/oanda/,"Apr 8, 2025 ... The name OANDA is an acronym for “Olsen & Associates” or “Olsen AND Associates”. It is registered in the United States and provides its clients ..."
OANDA Review (2025) | FxScouts Kenya,https://fxscouts.co.ke/broker/oanda/,"Mar 11, 2025 ... CIRO ensures the following safeguards for Canadian clients: 50:1 Leverage on currency pairs; Segregated client funds; Risk management and ..."
Foreign currencies - Canada.ca,https://www.canada.ca/en/revenue-agency/services/tax/individuals/topics/about-your-tax-return/tax-return/completing-a-tax-return/personal-income/line-12700-capital-gains/completing-schedule-3/bonds-debentures-promissory-notes-other-similar-properties/foreign-currencies.html,"Feb 27, 2025 ... Other sources that the CRA would generally accept include rates from Bloomberg L.P., Thomson Reuters Corporation and OANDA Corporation. In ..."
Avis de OANDA | Lisez les avis marchands de www.oanda.com,https://fr.trustpilot.com/review/www.oanda.com,"... Canada, UK, EMEA, APAC and Australia. Our award-winning platform offers exceptional execution with sophisticated trading tools and advanced charting ..."
"Gold hits all time high, UK in–Market Insights – Apple Podcasts",https://podcasts.apple.com/gb/podcast/gold-hits-all-time-high-uk-inflation-higher-than-expected/id1358715867?i=1000694063023,"Feb 19, 2025 ... Join OANDA Senior Market Analysts & podcast guest Nick Syiek ... Canada (English) · Canada (Français) · United States · Estados Unidos ..."
"New tariffs on Canada & Mexico take effect in early March, while the ...",https://www.threads.net/@oanda/post/DGlpXUmNsJP/new-tariffs-on-canada-mexico-take-effect-in-early-march-while-the-us-dollar-stre,"Feb 27, 2025 ... OANDA (@oanda). 1 Like. New tariffs on Canada & Mexico take effect in early March, while the US dollar strengthens as economic growth ..."
Island Cays Fiesta Reversible String Bikini Bottoms,https://www.tommybahama.com/en/en/Island-Cays-Fiesta-Reversible-String-Bikini-Bottoms/p/SS200491,"Feb 3, 2025 ... ... Canada, the transaction total is converted from local currency to U.S. Dollars, at prevailing OANDA published exchange rates, and deducted ..."
Island Estate La Vida Stripe 4-Piece Queen Sheet Set,https://www.tommybahama.com/en/Island-Estate-La-Vida-Stripe-4-Piece-Queen-Sheet-Set/p/SHSA01322237,"Feb 16, 2025 ... ... Canada, the transaction total is converted from local currency to U.S. Dollars, at prevailing OANDA published exchange rates, and deducted ..."
Seventy & Sunny | Tommy Bahama People | Finding Inspiration With ...,https://www.tommybahama.com/blog/people/rizu_ito_interview,"... Canadian Dollars, at prevailing OANDA published exchange rates, and deducted from the card's balance. Void if altered or transferred for value. Awards are ..."
Regulatory Public Disclosures | OANDA,https://www.oanda.com/us-en/legal/regulatory-public-disclosures/,"OANDA TMS Brokers S.A. – operating under KNF (PFSA), OANDA Asia Pacific Pte Ltd – operating in Singapore (regulated by the MAS), OANDA (Canada) Corporation ULC ..."
Order Book Indicator | OANDA,https://help.oanda.com/bvi/en/Resources/PDF/MR-4478%20Order%20Book_MT4%20removed_v3.pdf,It is not investment advice or recommendation. CFDs are not available to US residents. OANDA CANADA Accounts: Trading CFDs on margin is high risk and not ...
Forex Historical Spreads | Spread Costs Calculator | OANDA,https://www.oanda.com/us-en/trading/historical-spreads/,"Estimate trade entry costs precisely using OANDA's historical forex spreads and our intuitive spreads cost calculator, complete with dynamic charts for ..."
OANDA Marketing Partner Privacy Policy,https://docs.oanda.com/7ebfb8c0-e251-4c9b-921c-99f4b283e17a/Privacy_Policy.pdf,Country of incorporation. Entity. United Kingdom. OANDA Europe Limited. USA. OANDA Corporation. Australia. OANDA Australia Pty. Canada. OANDA (Canada) ...
Holiday Trading Hours | OANDA,https://www.oanda.com/ca-en/trading/holiday-trading-hours/,"OANDA (Canada) Corporation ULC is regulated by the Canadian Investment Regulatory Organization (CIRO), which includes CIRO's online advisor check database (CIRO ..."
Czech forex broker FTMO about to acquire ... - CzechTrade Offices,https://www.czechtradeoffices.com/why-czech-republic/news/czech-forex-broker-ftmo-about-to-acquire-canadian-oanda,"Feb 6, 2025 ... Canada - flag Canada. Czech forex broker FTMO about to acquire Canadian Oanda. Czech company FTMO, founded by Otakar Šuffner and Mark Vasicek ..."
Historical Spreads | Forex & CFDs | OANDA,https://www.oanda.com/ca-en/tools/historical-spreads/,"OANDA (Canada) Corporation ULC is regulated by the Canadian Investment Regulatory Organization (CIRO), which includes CIRO's online advisor check database (CIRO ..."
OANDA - Forex and CFD trading on the App Store,https://apps.apple.com/ca/app/oanda-forex-and-cfd-trading/id370922777,"OANDA is an award-winning* and globally recognizsed provider with over 25 years' experience, and the app is free to download."
CVC Funds agree sale of OANDA to FTMO,https://www.oanda.com/group/media-center/press-releases/cvc-agree-sale-of-oanda-to-ftmo/,"OANDA (Canada) Corporation ULC is regulated by the Canadian Investment Regulatory Organization (CIRO), which includes CIRO's online advisor check database ..."
Affiliate Programmes | Earn Commission | OANDA,https://partners.oanda.com/en/affiliates/,"OANDA (Canada) Corporation ULC is regulated by the Canadian Investment Regulatory Organization (CIRO), which includes CIRO's online advisor check database ..."
New York Red Bulls And OANDA Extend Partnership,https://www.oanda.com/group/media-center/press-releases/new-york-red-bulls-and-oanda-extend-partnership/,"OANDA (Canada) Corporation ULC is regulated by the Canadian Investment Regulatory Organization (CIRO), which includes CIRO's online advisor check database ..."
OANDA Review 2025: Pros & Cons | ForexBrokers.com,https://www.forexbrokers.com/reviews/oanda,"Feb 5, 2025 ... Note: While OANDA's Trade platform is available globally, TradingView is only available to residents of the U.S., U.K. and Canada. OANDA fxTrade ..."
"How Tariffs Impact MXN, CAD, EUR, and CNY - Oanda",https://www.oanda.com/us-en/trade-tap-blog/analysis/fundamental/tariffs-impact-mxn-cad-eur-cny/,"Feb 24, 2025 ... Explore how tariffs affect currencies like the Mexican peso, Canadian dollar, euro, and Chinese yuan. Learn key trading insights to stay ..."
USDCAD Chart — USD to CAD Rate — TradingView,https://www.tradingview.com/symbols/USDCAD/,U.S. Dollar / Canadian Dollar. USDCAD OANDA.
"As tariffs loom and global currency values fluctuate, goods from ...",https://www.oanda.com/us-en/trade-tap-blog/analysis/fundamental/tariffs-global-currency-fluctuate-goods-top-us-trade-partners-price-shift/,"Mar 7, 2025 ... Canada pledged $1.3 billion Canadian dollars (or $915 million USD) ... ""OANDA"", ""fxTrade"" and OANDA's ""fx"" family of trademarks are owned by OANDA ..."
"OANDA hiring HRIS Specialist (Workday) in Toronto, Ontario, Canada",https://ca.linkedin.com/jobs/view/hris-specialist-workday-at-oanda-4165056429,"Feb 27, 2025 ... In this role, you will play a pivotal role in optimizing our HR technology landscape, with a focus on Workday. You will be responsible for ..."
OANDA Wins 'Best in The Americas' Award with TradingView,https://www.oanda.com/group/media-center/press-releases/oanda-wins-best-in-the-americas-award-with-tradingview/,"""It's great to see that OANDA maintains its top spot as the best forex broker for US and Canadian traders,"" said Jessica Beckstead, OANDA's Managing Director ..."
OANDA - Forex and CFD trading - Apps on Google Play,https://play.google.com/store/apps/details/OANDA_Forex_crypto_trading?id=com.oanda.fxtrade&hl=en_CA,"Trade CFDs on major global instruments, forex, indices and commodities. Start investing with OANDA, an award-winning* global broker with experience in CFD ..."
OANDA Order & Position Book Tool and MetaTrader Indicator ...,https://www.oanda.com/bvi-en/lab-education/tools/order-book-position-book-tool/,... Canada and Japan). Past performance is not indicative of future results. This data is provided for general informational purposes only. It is not to be ...
OANDA Review 2025: Read Before You Trade | FXEmpire,https://www.fxempire.com/brokers/oanda,"Feb 2, 2025 ... We rate CFTC and NFA as Tier 1 regulators. OANDA (Canada) Corporation ULC is regulated by the Investment Industry Regulatory Organization of ..."
Market News & Analysis | Financial Market Updates | OANDA,https://www.oanda.com/group/news-analysis/,"Keep abreast of financial market updates with OANDA's market news and analysis. We are a leader in currency data, offering forex and CFD trading, ..."
Is Oanda supervised by a regulator?,https://brokerchooser.com/broker-reviews/oanda-review/oanda-regulation,"Apr 3, 2025 ... Our brokerage experts have determined that Oanda is a fully regulated broker, overseen in USA, UK, Australia, Singapore, Canada, Malta, Japan, British Virgin ..."
2025 oanda welcome bonus promotion terms & conditions,https://www.oanda.com/assets/documents/1913/OC__OCAN_Welcome_Bonus_Promotion_TCs_-_2025.pdf,1.1 The Promotion is offered by OANDA Corporation and OANDA (Canada) Corporation ULC and is only open to new account holders of either of these two entities who ...
Read Customer Service Reviews of www.oanda.com,https://www.trustpilot.com/review/www.oanda.com,"... Canada, UK, EMEA, APAC and Australia. Our award-winning platform offers exceptional execution with sophisticated trading tools and advanced charting ..."
"The impact of tariffs during Trump presidencies on trade, inflation ...",https://www.oanda.com/us-en/trade-tap-blog/analysis/fundamental/tariffs-and-their-impact-during-last-two-us-presidencies/,"Feb 13, 2025 ... ... Canada and Mexico. These countries responded ... ""OANDA"", ""fxTrade"" and OANDA's ""fx"" family of trademarks are owned by OANDA Corporation."
Does Oanda Work In Canada? - OneSafe Blog,https://www.onesafe.io/blog/does-oanda-work-in-canada,"Jan 17, 2025 ... Yes, OANDA is regulated by the Canadian Investment Regulatory Organization (CIRO) and is a member of the Canadian Investor Protection Fund. What ..."
Oanda Broker Review - Forex & Stock Trading at Oanda,https://www.bestbrokers.com/reviews/oanda/,"Feb 13, 2025 ... OANDA is an industry-leading forex broker. Its strong history spans over 25 years where it has driven impressive growth to become one of the pioneers of its ..."
"OANDA on X: ""New tariffs on Canada & Mexico take effect in early ...",https://twitter.com/OANDA/status/1895196354965577944,"Feb 27, 2025 ... New tariffs on Canada & Mexico take effect in early March, while the US dollar strengthens as economic growth reaches 2.3%. #OANDA ..."
Foreign currency and currency exchange rates | Internal Revenue ...,https://www.irs.gov/individuals/international-taxpayers/foreign-currency-and-currency-exchange-rates,"Mar 12, 2025 ... Oanda.com · xe.com. Related. Yearly average currency exchange rates. Small business/self-employed. Industries Professions · International ..."
FOREX.com vs OANDA: In-Depth Review [2025],https://www.compareforexbrokers.com/reviews/forex-com-vs-oanda/,"Apr 2, 2025 ... OANDA offers its proprietary platform, OANDA Trade, and supports MetaTrader 4. ... CIRO (CANADA) NFA/CFTC (USA) CYSEC (Cyprus), NFA/CFTC (USA) MAS ..."
U.S. Dollar / Canadian Dollar Trade Ideas — OANDA:USDCAD ...,https://in.tradingview.com/symbols/USDCAD/ideas/?exchange=OANDA,USDCAD Short Set up.... USDCAD Short Trade Setup Entry: 1.4178 Stop-Loss (SL): 1.4915 Take-Profit (TP): 1.3238 USDCAD has reached a strong resistance ...
OANDA Reviews: What Is It Like to Work At OANDA? | Glassdoor,https://www.glassdoor.ca/Reviews/OANDA-Reviews-E100548.htm,"Canada (English). Browse by: Companies · Jobs · Locations · Communities · Recent posts. Copyright © 2008-2025. Glassdoor LLC. ""Glassdoor,"" ""Worklife Pro,"" "" ..."
"OANDA Review 2025: Pros, Cons and Key Features",https://tradersunion.com/brokers/forex/view/oanda/,"Apr 8, 2025 ... The name OANDA is an acronym for “Olsen & Associates” or “Olsen AND Associates”. It is registered in the United States and provides its clients ..."
OANDA Review (2025) | FxScouts Kenya,https://fxscouts.co.ke/broker/oanda/,"Mar 11, 2025 ... CIRO ensures the following safeguards for Canadian clients: 50:1 Leverage on currency pairs; Segregated client funds; Risk management and ..."
Foreign currencies - Canada.ca,https://www.canada.ca/en/revenue-agency/services/tax/individuals/topics/about-your-tax-return/tax-return/completing-a-tax-return/personal-income/line-12700-capital-gains/completing-schedule-3/bonds-debentures-promissory-notes-other-similar-properties/foreign-currencies.html,"Feb 27, 2025 ... Other sources that the CRA would generally accept include rates from Bloomberg L.P., Thomson Reuters Corporation and OANDA Corporation. In ..."
Avis de OANDA | Lisez les avis marchands de www.oanda.com,https://fr.trustpilot.com/review/www.oanda.com,"... Canada, UK, EMEA, APAC and Australia. Our award-winning platform offers exceptional execution with sophisticated trading tools and advanced charting ..."
"Gold hits all time high, UK in–Market Insights – Apple Podcasts",https://podcasts.apple.com/gb/podcast/gold-hits-all-time-high-uk-inflation-higher-than-expected/id1358715867?i=1000694063023,"Feb 19, 2025 ... Join OANDA Senior Market Analysts & podcast guest Nick Syiek ... Canada (English) · Canada (Français) · United States · Estados Unidos ..."
"New tariffs on Canada & Mexico take effect in early March, while the ...",https://www.threads.net/@oanda/post/DGlpXUmNsJP/new-tariffs-on-canada-mexico-take-effect-in-early-march-while-the-us-dollar-stre,"Feb 27, 2025 ... OANDA (@oanda). 1 Like. New tariffs on Canada & Mexico take effect in early March, while the US dollar strengthens as economic growth ..."
Island Cays Fiesta Reversible String Bikini Bottoms,https://www.tommybahama.com/en/en/Island-Cays-Fiesta-Reversible-String-Bikini-Bottoms/p/SS200491,"Feb 3, 2025 ... ... Canada, the transaction total is converted from local currency to U.S. Dollars, at prevailing OANDA published exchange rates, and deducted ..."
Island Estate La Vida Stripe 4-Piece Queen Sheet Set,https://www.tommybahama.com/en/Island-Estate-La-Vida-Stripe-4-Piece-Queen-Sheet-Set/p/SHSA01322237,"Feb 16, 2025 ... ... Canada, the transaction total is converted from local currency to U.S. Dollars, at prevailing OANDA published exchange rates, and deducted ..."
Seventy & Sunny | Tommy Bahama People | Finding Inspiration With ...,https://www.tommybahama.com/blog/people/rizu_ito_interview,"... Canadian Dollars, at prevailing OANDA published exchange rates, and deducted from the card's balance. Void if altered or transferred for value. Awards are ..."
